Timestamp,Country,Where do you currently work?,What are your main professional responsibilities?,... that had a Dockerfile?,... that had a docker-compose.yml file?,... where you have used Dockerfiles created by others (colleagues or third parties)?,... where you have used docker-compose.yml files created by others (colleagues or third parties)?,... where you created/updated a Dockerfile?,... where you created/updated a docker-compose.yml file?,"In the Dockerfiles that I have developed, I have at some point specified ...","In the docker-compose.yml files I have developed, I have at some point specified ...","When I write a Dockerfile, I spend considerable time ... [reading Docker documentation.]","When I write a Dockerfile, I spend considerable time ... [finding out what are the right Dockerfile commands that I need.]","When I write a Dockerfile, I spend considerable time ... [finding out what parent image is the most suitable.]","When I write a Dockerfile, I spend considerable time ... [finding out what are the dependencies of my system that must be added to the docker image.]","When I write a Dockerfile, I spend considerable time ... [confirming if the resulting container is working as intended.]","When I write a Dockerfile, I spend considerable time ... [trying to understand why the resulting container is not working as intended (e.g., running commands and tests on the container).]","When I write a Dockerfile, I spend considerable time ... [finding out which commands are responsible for the container misbehaviour.]","When I write a Dockerfile, I spend considerable time ... [rebuilding the image and re-running the container to confirm that it is working as intended.]",What steps or strategies do you usually follow in order to diagnose and fix bugs in the creation of Dockerfiles?,Do you use any plugins/tools when developing Dockerfiles?,"If so, which ones and how do they help you?","When I write a docker-compose.yml file, I spend considerable time… [reading Docker documentation.]","When I write a docker-compose.yml file, I spend considerable time… [finding out what are the keys that I need.]","When I write a docker-compose.yml file, I spend considerable time… [finding out what images are available.]","When I write a docker-compose.yml file, I spend considerable time… [trying to understand why the services are not working as intended.]","When I write a docker-compose.yml file, I spend considerable time… [(re)starting the services to confirm that they are working as intended.]","When I write a docker-compose.yml file, I spend considerable time… [configuring the properties of each service (e.g. port mapping, name, ...).]","When I write a docker-compose.yml file, I spend considerable time… [configuring the dependencies between the services (e.g. depends_on).]","When I write a docker-compose.yml file, I spend considerable time… [configuring volumes and how they are attached to the services.]","When I write a docker-compose.yml file, I spend considerable time… [configuring networks and how they are connected to the services.]","When I write a docker-compose.yml file, I spend considerable time… [configuring configs and how they are accessed by the services.]","When I write a docker-compose.yml file, I spend considerable time… [configuring secrets and how they are accessed by the services.]",What steps or strategies do you usually follow in order to diagnose and fix bugs in the creation of docker-compose.yml files?,Do you use any plugins/tools when developing docker-compose.yml files?,"If so, which ones and how do they help you?","When I read a docker-compose.yml file, I spend considerable time trying to understand … [ what the services are.]","When I read a docker-compose.yml file, I spend considerable time trying to understand … [the dependencies between services (e.g. depends_on).]","When I read a docker-compose.yml file, I spend considerable time trying to understand … [what volumes are used and how they are attached to the services.]","When I read a docker-compose.yml file, I spend considerable time trying to understand … [what networks are used and how they are connected to the services.]"
6/9/2020 12:28:17,Portugal,Academia,"Software Development, Scientific Research, Teaching",3,2,3,2,1,1,"... the working directory (WORKDIR instruction)., ... environment variables (ENV instruction).",...secrets.,Agree,Agree,Agree,Agree,Agree,Agree,Agree,Agree,deploy-test-debug-correct-redeploy-...,No,,Agree,Agree,Agree,Agree,Agree,Agree,Agree,Agree,Agree,Agree,Agree,deploy-test-debug-correct-redeploy-...,No,,Disagree,Disagree,Disagree,Disagree
6/9/2020 15:16:20,The Netherlands,Industry,Coaching,6,6,6,6,6,6,"... arguments/variables (ARG instruction)., ... volumes (VOLUME instruction)., ... the user (USER instruction)., ... the working directory (WORKDIR instruction)., ... environment variables (ENV instruction).","... volumes., ... networks., ...configs.",Neutral,Disagree,Neutral,Agree,Strongly Agree,Agree,Agree,Agree,"Include runtime-checks, start and exec into it, rebuild, some-deployment issues involve investigating whether config ends up in the right place",No,,Neutral,Neutral,Neutral,Neutral,Neutral,Neutral,Neutral,Neutral,Neutral,Neutral,Neutral,"Don't use docker-compose much, mostly k8s",No,,Neutral,Neutral,Neutral,Neutral
6/10/2020 14:53:34,Chile,"Industry, Academia","Software Development, Scientific Research",3,3,4,0,3,3,"... volumes (VOLUME instruction)., ... environment variables (ENV instruction).",... networks.,Disagree,Agree,Agree,Neutral,Neutral,Neutral,Agree,Neutral,Performing traceability between the docker-compose file and source codes,No,,Agree,Agree,Neutral,Agree,Agree,Agree,Agree,Agree,Agree,Agree,Agree,Manual check,No,,Disagree,Disagree,Disagree,Disagree
6/11/2020 14:51:57,USA,Industry,"Software Development, Coaching",1,1,1,1,1,1,"... volumes (VOLUME instruction)., ... the user (USER instruction)., ... environment variables (ENV instruction).","... volumes., ... networks., ...configs.",Strongly Agree,Agree,Disagree,Strongly Agree,Strongly Agree,Neutral,Disagree,Strongly Agree,I try changing parameters 1 by 1 and retesting.  Also exec-ing into the container and inspecting logs.,No,,Strongly Agree,Neutral,Disagree,Agree,Strongly Agree,Disagree,Disagree,Disagree,Disagree,Strongly Disagree,Strongly Disagree,same as above,No,,Disagree,Disagree,Agree,Neutral
6/15/2020 18:10:07,USA,"Industry, Personal exploration",Software Development,3,0,3,0,3,0,"... arguments/variables (ARG instruction)., ... volumes (VOLUME instruction)., ... the user (USER instruction)., ... the working directory (WORKDIR instruction)., ... environment variables (ENV instruction).",,Neutral,Strongly Agree,Agree,Strongly Agree,Strongly Agree,Neutral,Neutral,Strongly Agree,Truncate the Dockerfile and leave myself at bash and printf vars.,Yes,VSCode Docker extension,Neutral,Neutral,Neutral,Neutral,Neutral,Neutral,Neutral,Neutral,Neutral,Neutral,Neutral,n/a,No,,Neutral,Neutral,Neutral,Neutral
6/15/2020 18:11:40,Croatia,Academia,Operations,5,0,0,0,0,0,"... volumes (VOLUME instruction)., ... the user (USER instruction)., ... the working directory (WORKDIR instruction).","... volumes., ...configs., ...secrets.",Disagree,Neutral,Agree,Agree,Neutral,Agree,Neutral,Neutral,,Yes,,Neutral,Neutral,Agree,Agree,Neutral,Agree,Agree,Agree,Agree,Agree,Neutral,Atomic,Yes,0,Disagree,Disagree,Agree,Agree
6/15/2020 18:12:12,India,Industry,"Software Development, Operations",4,4,4,4,4,4,"... arguments/variables (ARG instruction)., ... volumes (VOLUME instruction)., ... the user (USER instruction)., ... the working directory (WORKDIR instruction)., ... environment variables (ENV instruction).","... volumes., ... networks., ...configs., ...secrets.",Neutral,Neutral,Neutral,Neutral,Neutral,Neutral,Neutral,Neutral,first get to know the error or bug,No,,Neutral,Neutral,Neutral,Neutral,Neutral,Neutral,Neutral,Neutral,Neutral,Neutral,Neutral,no comments,No,,Neutral,Neutral,Neutral,Neutral
6/15/2020 18:28:30,Brazil,Industry,"Software Development, Operations",4,4,4,4,5,4,"... the user (USER instruction)., ... the working directory (WORKDIR instruction)., ... environment variables (ENV instruction).",... volumes.,Neutral,Strongly Disagree,Agree,Strongly Agree,Agree,Strongly Disagree,Strongly Disagree,Disagree,,Yes,Syntax highlighters,Neutral,Disagree,Disagree,Disagree,Neutral,Neutral,Strongly Disagree,Strongly Disagree,Strongly Disagree,Strongly Disagree,Strongly Disagree,,No,,Neutral,Neutral,Neutral,Neutral
6/15/2020 18:44:44,The Netherlands,Industry,"Software Development, Operations",2,0,1,0,2,0,"... arguments/variables (ARG instruction)., ... volumes (VOLUME instruction)., ... the working directory (WORKDIR instruction)., ... environment variables (ENV instruction).",,Strongly Agree,Strongly Agree,Strongly Agree,Strongly Disagree,Strongly Agree,Agree,Strongly Agree,Strongly Agree,"look at the logs , google the problems ",No,,Neutral,Neutral,Neutral,Neutral,Neutral,Neutral,Neutral,Neutral,Neutral,Neutral,Neutral,,No,,Neutral,Neutral,Neutral,Neutral
6/15/2020 18:53:29,Denmark,Academia,"Scientific Research, Teaching",4,3,3,3,4,3,"... arguments/variables (ARG instruction)., ... volumes (VOLUME instruction)., ... the working directory (WORKDIR instruction)., ... environment variables (ENV instruction).","... volumes., ... networks.",Disagree,Disagree,Neutral,Neutral,Neutral,Neutral,Neutral,Agree,"Read logs, get shell and execute commands ",Yes,"IDE, just syntax highlighting ",Disagree,Disagree,Disagree,Neutral,Neutral,Neutral,Neutral,Disagree,Disagree,Disagree,Disagree,Read logs,No,,Disagree,Disagree,Disagree,Disagree
6/15/2020 19:04:50,Portugal,Industry,Operations,4,3,4,3,4,3,"... arguments/variables (ARG instruction)., ... volumes (VOLUME instruction)., ... the user (USER instruction)., ... the working directory (WORKDIR instruction)., ... environment variables (ENV instruction).","... volumes., ... networks., ...configs., ...secrets.",Neutral,Agree,Strongly Agree,Agree,Strongly Agree,Agree,Agree,Strongly Agree,docker run --rm -it image bash,No,,Agree,Agree,Agree,Agree,Agree,Agree,Neutral,Neutral,Agree,Agree,Agree,"Check logs, jump into the container",No,,Agree,Neutral,Neutral,Neutral
6/15/2020 19:07:36,Portugal,Industry,Software Development,2,2,2,2,2,2,"... arguments/variables (ARG instruction)., ... volumes (VOLUME instruction)., ... the user (USER instruction)., ... the working directory (WORKDIR instruction)., ... environment variables (ENV instruction).","...configs., ...secrets.",Disagree,Strongly Disagree,Agree,Strongly Agree,Agree,Agree,Disagree,Agree,Start a shell on the container,No,,Disagree,Neutral,Neutral,Neutral,Strongly Agree,Neutral,Agree,Agree,Neutral,Agree,Agree,Start a new shell on the container cluster,No,,Neutral,Agree,Agree,Neutral
6/15/2020 19:12:01,Germany,Academia,Scientific Research,6,5,6,5,4,4,"... arguments/variables (ARG instruction)., ... volumes (VOLUME instruction)., ... the working directory (WORKDIR instruction)., ... environment variables (ENV instruction).","... volumes., ... networks.",Neutral,Agree,Agree,Disagree,Neutral,Agree,Neutral,Neutral,,No,,Neutral,Agree,Disagree,Agree,Neutral,Agree,Neutral,Agree,Agree,Neutral,Neutral,,No,,Neutral,Neutral,Agree,Agree
6/15/2020 19:19:34,USA,Industry,Software Development,3,3,3,3,2,0,... arguments/variables (ARG instruction).,,Agree,Agree,Neutral,Neutral,Agree,Agree,Agree,Agree,"Run the result, often with debug or logging",No,,Neutral,Neutral,Neutral,Neutral,Neutral,Neutral,Neutral,Neutral,Neutral,Neutral,Neutral,,No,,Neutral,Neutral,Neutral,Neutral
6/15/2020 19:38:54,Portugal,Industry,Operations,1,1,2,2,1,1,"... the working directory (WORKDIR instruction)., ... environment variables (ENV instruction).",...configs.,Agree,Strongly Agree,Agree,Agree,Agree,Neutral,Agree,Neutral,Debug,No,,Agree,Agree,Agree,Agree,Neutral,Neutral,Agree,Agree,Agree,Agree,Agree,,No,,Agree,Neutral,Agree,Agree
6/15/2020 20:19:02,United Kingdom,Industry,"Software Development, Coaching",4,4,4,4,4,4,"... arguments/variables (ARG instruction)., ... volumes (VOLUME instruction)., ... the working directory (WORKDIR instruction)., ... environment variables (ENV instruction).","... volumes., ... networks., ...configs., ...secrets.",Disagree,Neutral,Disagree,Neutral,Disagree,Agree,Agree,Neutral,"Logs
Execute a shell in the container
Mount current directory in container and work from there ",Yes,VScode: offers completion,Agree,Agree,Disagree,Disagree,Disagree,Disagree,Disagree,Disagree,Strongly Agree,Neutral,Disagree,Same as for docker files,Yes,Vscode: no reason just yaml syntax auto indent,Strongly Disagree,Neutral,Disagree,Disagree
6/15/2020 20:40:49,Portugal,Industry,Operations,5,5,5,5,5,5,"... arguments/variables (ARG instruction)., ... the user (USER instruction)., ... the working directory (WORKDIR instruction)., ... environment variables (ENV instruction).","... volumes., ... networks., ...configs.",Disagree,Disagree,Disagree,Agree,Agree,Strongly Agree,Agree,Disagree,Develop the Dockerfile in increments,No,,Agree,Neutral,Disagree,Neutral,Strongly Disagree,Neutral,Disagree,Agree,Disagree,Neutral,Neutral,Stackoverflow :),No,,Disagree,Strongly Disagree,Disagree,Neutral
6/15/2020 20:51:59,Portugal,Industry,"Software Development, Operations, DevOps",3,3,3,3,3,3,"... arguments/variables (ARG instruction)., ... volumes (VOLUME instruction)., ... the user (USER instruction)., ... the working directory (WORKDIR instruction)., ... environment variables (ENV instruction).","... volumes., ... networks., ...configs.",Neutral,Disagree,Agree,Agree,Strongly Agree,Agree,Agree,Agree,docker exec -it bash,Yes,VSCode's syntax highlighting,Agree,Agree,Neutral,Neutral,Neutral,Agree,Disagree,Agree,Disagree,Neutral,Strongly Disagree,Launching the containers individually at first,Yes,VSCode syntax highlighting,Disagree,Disagree,Disagree,Disagree
6/15/2020 21:10:04,USA,Industry,Software Development,5,5,5,5,5,5,"... arguments/variables (ARG instruction)., ... the user (USER instruction)., ... the working directory (WORKDIR instruction)., ... environment variables (ENV instruction).","... volumes., ... networks.",Neutral,Agree,Neutral,Strongly Agree,Strongly Agree,Strongly Agree,Strongly Agree,Strongly Agree,Reading the error messages and googling them,No,,Neutral,Agree,Neutral,Strongly Agree,Strongly Agree,Strongly Agree,Strongly Agree,Strongly Agree,Strongly Agree,Neutral,Neutral,Reading the error messages and googling them,No,,Strongly Agree,Strongly Agree,Neutral,Neutral
6/15/2020 21:18:13,USA,Online Retail,"Software Development, Operations, Coaching",1,0.2,0.2,0,1,0.2,"... arguments/variables (ARG instruction)., ... volumes (VOLUME instruction)., ... the user (USER instruction)., ... environment variables (ENV instruction).","... volumes., ... networks.",Agree,Neutral,Agree,Neutral,Strongly Agree,Strongly Agree,Agree,Agree,Play it by ear,No,,Strongly Agree,Neutral,Agree,Strongly Agree,Disagree,Neutral,Strongly Disagree,Disagree,Agree,Strongly Disagree,Strongly Disagree,Trial by fire right now. :(,No,,Agree,Strongly Agree,Disagree,Disagree
6/15/2020 21:30:09,Italy,Industry,Software Development,4,4,3,3,4,4,"... arguments/variables (ARG instruction)., ... volumes (VOLUME instruction)., ... the user (USER instruction)., ... the working directory (WORKDIR instruction)., ... environment variables (ENV instruction).","... volumes., ... networks.",Neutral,Agree,Strongly Agree,Agree,Strongly Agree,Disagree,Disagree,Strongly Agree,,No,,Neutral,Neutral,Agree,Neutral,Strongly Agree,Strongly Agree,Strongly Agree,Strongly Agree,Strongly Agree,Neutral,Neutral,,No,,Strongly Agree,Strongly Agree,Strongly Agree,Strongly Agree
6/15/2020 23:09:41,Portugal,Industry,Software Development,3,0,3,0,3,0,"... arguments/variables (ARG instruction)., ... the working directory (WORKDIR instruction)., ... environment variables (ENV instruction).",...secrets.,Neutral,Agree,Neutral,Disagree,Strongly Agree,Strongly Agree,Strongly Agree,Strongly Agree,,No,,Neutral,Neutral,Neutral,Neutral,Neutral,Neutral,Neutral,Neutral,Neutral,Neutral,Neutral,,No,,Neutral,Neutral,Neutral,Neutral
6/15/2020 23:23:36,Morocco,IT company,"Software Development, Operations",3,3,4,4,3,3,"... arguments/variables (ARG instruction)., ... volumes (VOLUME instruction)., ... the user (USER instruction)., ... the working directory (WORKDIR instruction)., ... environment variables (ENV instruction).","... volumes., ... networks., ...configs., ...secrets.",Neutral,Disagree,Agree,Neutral,Disagree,Agree,Neutral,Agree,"Check the log and figure out what is the problem, resolve and re run ",No,,Neutral,Agree,Agree,Agree,Neutral,Disagree,Neutral,Neutral,Neutral,Neutral,Neutral,,No,,Disagree,Neutral,Neutral,Disagree
6/15/2020 23:59:27,Israel,Industry,"Software Development, Operations, Coaching",3,0.5,3,0,3,0.5,"... arguments/variables (ARG instruction)., ... volumes (VOLUME instruction)., ... the user (USER instruction)., ... the working directory (WORKDIR instruction)., ... environment variables (ENV instruction).",...configs.,Neutral,Agree,Strongly Agree,Strongly Agree,Strongly Agree,Disagree,Strongly Disagree,Neutral,Isolate the cache layers and validate my assumptions.,No,,Strongly Agree,Strongly Agree,Neutral,Disagree,Neutral,Agree,Strongly Agree,Neutral,Neutral,Agree,Agree,Rerrun the system,No,,Neutral,Neutral,Agree,Neutral
6/16/2020 0:39:31,USA,Industry,"Software Development, Operations",6,4,6,4,4,4,"... arguments/variables (ARG instruction)., ... the user (USER instruction)., ... the working directory (WORKDIR instruction)., ... environment variables (ENV instruction).","... volumes., ... networks.",Agree,Agree,Strongly Disagree,Agree,Neutral,Strongly Disagree,Agree,Strongly Agree,"If things aren't working as intended, an easy troubleshooting step is to blow away everything and restart.

 alias cleancontainers='docker rm -f -v $(docker ps -a -q)'
 alias cleanimages='docker rmi -f $(docker images -q)'
 alias cleanq='cleancontainers;cleanimages'

Logs are boring, but 99% of the time they tell you what you need to know. Read every line.

Know what's on your system... docker ps, docker container ls, docker image ls, etc.

If the container looks like it built right but something is broken, docker exec into the running container via docker exec -it <container_id> /bin/bash. Look around, make sure volume mounts are working, files got copied, etc.",Yes,IDE with Docker plugin.,Neutral,Strongly Disagree,Strongly Disagree,Strongly Disagree,Neutral,Neutral,Disagree,Neutral,Strongly Disagree,Strongly Disagree,Strongly Disagree,install a yaml linter,No,,Strongly Disagree,Strongly Disagree,Strongly Disagree,Strongly Disagree
6/16/2020 0:45:07,Canada,Industry,"Software Development, Coaching",3,3,3,3,3,3,"... arguments/variables (ARG instruction)., ... volumes (VOLUME instruction)., ... the working directory (WORKDIR instruction)., ... environment variables (ENV instruction).","... volumes., ... networks., ...configs.",Agree,Agree,Strongly Agree,Agree,Agree,Agree,Agree,Agree,Keep running it until it works usually via the CLI without a -d switch.,Yes,"IntelliJIdea Docker / Docker Compose support (PHPStorm, RubyMine)",Agree,Agree,Agree,Strongly Agree,Strongly Agree,Agree,Agree,Agree,Neutral,Neutral,Neutral,Same as with Dockerfile; build run repeat until it all functions as expected.,Yes,"IntelliJIdea Docker / Docker Compose support (PHPStorm, RubyMine)",Disagree,Neutral,Disagree,Disagree
6/16/2020 6:25:58,Denmark,Academia,"Software Development, Scientific Research, Teaching",5,2,5,2,5,2,"... arguments/variables (ARG instruction)., ... volumes (VOLUME instruction)., ... the user (USER instruction)., ... the working directory (WORKDIR instruction)., ... environment variables (ENV instruction).","... volumes., ... networks., ...configs.",Neutral,Neutral,Agree,Strongly Agree,Strongly Agree,Agree,Agree,Agree,Logging,No,,Neutral,Agree,Strongly Agree,Agree,Agree,Neutral,Neutral,Agree,Agree,Agree,Strongly Disagree,Logging,No,,Agree,Agree,Strongly Agree,Agree
6/16/2020 6:42:05,India,Real Estate,"Software Development, Operations",4,0,4,0,4,0,"... arguments/variables (ARG instruction)., ... the working directory (WORKDIR instruction)., ... environment variables (ENV instruction).",,Disagree,Neutral,Disagree,Strongly Agree,Strongly Agree,Agree,Disagree,Agree,,No,,Neutral,Neutral,Neutral,Neutral,Neutral,Neutral,Neutral,Neutral,Neutral,Neutral,Neutral,,No,,Neutral,Neutral,Neutral,Neutral
6/16/2020 7:07:41,Spain,Industry,"Software Development, Operations, Product Management",7,5,7,5,7,5,"... arguments/variables (ARG instruction)., ... volumes (VOLUME instruction)., ... the working directory (WORKDIR instruction)., ... environment variables (ENV instruction).","... volumes., ... networks., ...configs., ...secrets.",Disagree,Neutral,Strongly Agree,Neutral,Strongly Agree,Strongly Agree,Strongly Agree,Strongly Disagree,"First I always use end-2-end tests so it's easy to diagnose if there is any bug. I use to create pipelines to check tests, run security scripts to ensure docker is safe and to finish I continue checking the app. If I detect an error, depending on what kind of application is inside the docker, I enter the docker (-it) and check what is the failure.",Yes,I use IntelliJ that has plugins to develop Docker.,Disagree,Neutral,Strongly Agree,Strongly Agree,Disagree,Agree,Neutral,Agree,Agree,Agree,Agree,"Making test end-2-end. If the output is not correct with a determined input, something was wrong. Of course, reading logs.",No,,Agree,Strongly Agree,Agree,Agree
6/16/2020 8:11:44,Germany,Industry,Operations,6,6,6,6,6,6,"... arguments/variables (ARG instruction)., ... volumes (VOLUME instruction)., ... the user (USER instruction)., ... the working directory (WORKDIR instruction)., ... environment variables (ENV instruction).","... volumes., ... networks.",Neutral,Disagree,Agree,Agree,Agree,Neutral,Disagree,Agree,-,No,-,Agree,Agree,Agree,Disagree,Disagree,Neutral,Agree,Strongly Agree,Disagree,Neutral,Neutral,-,No,-,Disagree,Disagree,Agree,Neutral
6/16/2020 9:10:47,Denmark,Industry,"Software Development, Operations, Quality Assurance",2,3,2,3,2,3,"... arguments/variables (ARG instruction)., ... volumes (VOLUME instruction)., ... the user (USER instruction)., ... the working directory (WORKDIR instruction)., ... environment variables (ENV instruction).","... volumes., ... networks., ...configs.",Agree,Agree,Strongly Agree,Agree,Agree,Strongly Agree,Strongly Agree,Agree,"General linux commands, `$ ls -lah` `$ ps -aux` `$ cat log.txt` or start the docker image with stace and debug it",No,,Agree,Neutral,Agree,Strongly Agree,Strongly Agree,Agree,Neutral,Strongly Agree,Agree,Agree,Neutral,"same as previous answer, check logs and general linux commands to debug it.",No,,Agree,Agree,Agree,Agree
6/16/2020 10:16:50,Italy,"Industry, Academia","Software Development, Product Management, Scientific Research",3,0.5,2,1,2,1,"... the working directory (WORKDIR instruction)., ... environment variables (ENV instruction).",... networks.,Neutral,Agree,Agree,Neutral,Neutral,Neutral,Neutral,Strongly Agree,my dockerfiles are quite simple,No,,Neutral,Neutral,Neutral,Neutral,Neutral,Neutral,Neutral,Neutral,Neutral,Neutral,Neutral,,No,,Agree,Agree,Agree,Agree
6/16/2020 12:40:10,Germany,Academia,"Software Development, Scientific Research, Teaching",4,4,4,4,4,4,"... arguments/variables (ARG instruction)., ... volumes (VOLUME instruction)., ... the working directory (WORKDIR instruction)., ... environment variables (ENV instruction).","... volumes., ... networks., ...configs., ...secrets.",Neutral,Neutral,Neutral,Disagree,Agree,Agree,Agree,Strongly Agree,ask a colleague for help,Yes,IntelliJ editor plugin,Neutral,Neutral,Neutral,Agree,Agree,Neutral,Neutral,Neutral,Neutral,Agree,Agree,read logs,Yes,IntelliJ editor plugin,Neutral,Neutral,Neutral,Neutral
6/16/2020 14:12:11,Portugal,Industry,Software Development,3,3,3,3,3,3,"... arguments/variables (ARG instruction)., ... volumes (VOLUME instruction)., ... the working directory (WORKDIR instruction)., ... environment variables (ENV instruction).",... volumes.,Agree,Agree,Neutral,Agree,Agree,Agree,Agree,Agree,checking for common solutions to common docker problems,No,,Neutral,Neutral,Neutral,Neutral,Neutral,Neutral,Neutral,Neutral,Neutral,Neutral,Neutral,research common solutions to common problems,No,,Disagree,Disagree,Agree,Agree
6/16/2020 14:29:11,Portugal,Industry,Software Development,2,2,2,2,2,2,"... arguments/variables (ARG instruction)., ... the user (USER instruction)., ... the working directory (WORKDIR instruction)., ... environment variables (ENV instruction).","... volumes., ...configs., ...secrets.",Neutral,Agree,Agree,Agree,Agree,Agree,Agree,Strongly Agree,,No,,Neutral,Neutral,Neutral,Agree,Agree,Neutral,Agree,Neutral,Neutral,Agree,Agree,,No,,Neutral,Neutral,Agree,Agree
6/16/2020 15:31:40,Portugal,Industry,Operations,2,0,2,0,2,0,"... arguments/variables (ARG instruction)., ... volumes (VOLUME instruction)., ... the user (USER instruction)., ... the working directory (WORKDIR instruction)., ... environment variables (ENV instruction).",,Strongly Agree,Strongly Agree,Strongly Agree,Strongly Agree,Agree,Agree,Strongly Agree,Strongly Agree,,Yes,"A dockerfile linter, it helps to find bugs before the build failure 10 minutes later.",Neutral,Neutral,Neutral,Neutral,Neutral,Neutral,Neutral,Neutral,Neutral,Neutral,Neutral,I don't use docker-compose.yml,No,,Neutral,Neutral,Neutral,Neutral
6/16/2020 16:11:11,Portugal,Industry,Software Development,5,0,2,0,3,0,"... arguments/variables (ARG instruction)., ... the user (USER instruction)., ... the working directory (WORKDIR instruction)., ... environment variables (ENV instruction).",,Disagree,Neutral,Neutral,Agree,Agree,Disagree,Strongly Disagree,Disagree,"Edit dockerfile, run it. See if it works. If it doesn't, fix the error and repeat.",Yes,"vim with syntax highlighting, and the docker cli to check image sizes and things like that. Also some random bash tools to see how long each step takes.",Strongly Disagree,Strongly Disagree,Strongly Disagree,Strongly Disagree,Strongly Disagree,Strongly Disagree,Strongly Disagree,Strongly Disagree,Strongly Disagree,Strongly Disagree,Strongly Disagree,,No,,Strongly Disagree,Strongly Disagree,Strongly Disagree,Strongly Disagree
6/16/2020 19:20:14,Serbia,Industry,Software Development,2,1,1,1,2,1,"... volumes (VOLUME instruction)., ... the user (USER instruction)., ... the working directory (WORKDIR instruction)., ... environment variables (ENV instruction).","... volumes., ... networks., ...configs., ...secrets.",Disagree,Strongly Agree,Strongly Agree,Strongly Agree,Disagree,Disagree,Strongly Disagree,Neutral,watching logs for errors => searching for solution,No,/,Disagree,Agree,Strongly Agree,Disagree,Agree,Agree,Strongly Agree,Agree,Disagree,Disagree,Disagree,watching logs for errors => searching for solution,No,/,Strongly Agree,Agree,Disagree,Agree
6/16/2020 23:58:11,USA,Industry,"Software Development, Operations",4,2,3,2,4,1,"... arguments/variables (ARG instruction)., ... volumes (VOLUME instruction)., ... the working directory (WORKDIR instruction)., ... environment variables (ENV instruction).","... volumes., ... networks., ...configs.",Neutral,Neutral,Neutral,Disagree,Neutral,Disagree,Disagree,Neutral,"check logs and review online docs about possible incompatibilities, version bugs,etc",Yes,VS code plugins,Disagree,Neutral,Neutral,Neutral,Neutral,Agree,Agree,Agree,Neutral,Agree,Strongly Agree,"test in isolation, then test dependencies",Yes,VS code,Neutral,Neutral,Neutral,Neutral
6/17/2020 5:06:41,Brazil,Industry,"Software Development, Scientific Research",5,3,1,1,5,3,"... arguments/variables (ARG instruction)., ... volumes (VOLUME instruction)., ... environment variables (ENV instruction).","... volumes., ... networks., ...configs.",Neutral,Neutral,Disagree,Agree,Agree,Neutral,Neutral,Neutral,Read Docker Documentation,No,,Neutral,Neutral,Disagree,Neutral,Neutral,Neutral,Agree,Neutral,Neutral,Neutral,Neutral,Read documentation and verify identation,No,,Neutral,Agree,Neutral,Neutral
6/17/2020 8:50:53,Palestine,Industry,Software Development,3,3,4,4,3,3,"... arguments/variables (ARG instruction)., ... volumes (VOLUME instruction)., ... the user (USER instruction)., ... the working directory (WORKDIR instruction)., ... environment variables (ENV instruction).",... volumes.,Neutral,Neutral,Neutral,Neutral,Neutral,Neutral,Neutral,Neutral,try and error,No,,Neutral,Neutral,Neutral,Neutral,Neutral,Neutral,Neutral,Neutral,Neutral,Neutral,Neutral,,No,,Neutral,Neutral,Agree,Agree
6/17/2020 10:06:41,Portugal,Industry,Software Development,5,5,5,5,5,5,"... arguments/variables (ARG instruction)., ... volumes (VOLUME instruction)., ... the user (USER instruction)., ... the working directory (WORKDIR instruction)., ... environment variables (ENV instruction).","... volumes., ... networks., ...configs., ...secrets.",Disagree,Disagree,Agree,Agree,Strongly Agree,Agree,Agree,Agree,Comment failing Docker layer and launch a container to debug it,No,,Disagree,Disagree,Agree,Neutral,Agree,Agree,Neutral,Neutral,Neutral,Neutral,Neutral,,No,,Agree,Disagree,Agree,Neutral
6/17/2020 10:09:59,United Kingdom,Industry,"Software Development, Operations",4,3,3,4,3,4,"... arguments/variables (ARG instruction)., ... volumes (VOLUME instruction)., ... the user (USER instruction)., ... the working directory (WORKDIR instruction)., ... environment variables (ENV instruction).","... volumes., ... networks., ...configs., ...secrets.",Disagree,Strongly Disagree,Agree,Agree,Agree,Neutral,Agree,Agree,"Stdout if during build, docker exec into container ",Yes,Pycharm plugins for Dockerfile,Neutral,Agree,Agree,Neutral,Agree,Neutral,Disagree,Agree,Disagree,Disagree,Neutral,,Yes,Plugins for pycharm/jetbrains to format and lint files.,Neutral,Neutral,Strongly Agree,Agree
6/17/2020 11:47:56,Portugal,Industry,"Software Development, Operations",4,4,4,4,4,4,"... arguments/variables (ARG instruction)., ... volumes (VOLUME instruction)., ... the user (USER instruction)., ... the working directory (WORKDIR instruction)., ... environment variables (ENV instruction).","... volumes., ... networks., ...configs.",Neutral,Neutral,Agree,Neutral,Agree,Strongly Agree,Strongly Agree,Strongly Agree,"Small steps, add instructions incrementally and make sure docker build and run will execute correctly until something breaks.",No,,Neutral,Neutral,Agree,Agree,Agree,Neutral,Neutral,Neutral,Neutral,Strongly Agree,Neutral,"Start with a basic setup and incrementally add functionality: run with docker images defaults, add volume bind mount to external config, etc.",No,,Neutral,Neutral,Strongly Agree,Neutral
6/17/2020 15:11:02,Canada,Industry,"Software Development, Operations",6,6,6,5,6,6,"... arguments/variables (ARG instruction)., ... volumes (VOLUME instruction)., ... the working directory (WORKDIR instruction)., ... environment variables (ENV instruction).","... volumes., ...configs.",Neutral,Disagree,Agree,Strongly Agree,Agree,Neutral,Disagree,Strongly Agree,Think hard,No,A text editor,Agree,Neutral,Disagree,Strongly Disagree,Strongly Disagree,Disagree,Strongly Disagree,Strongly Disagree,Strongly Disagree,Neutral,Disagree,Thinking,No,Text editor y/ syntax highlight,Strongly Disagree,Strongly Disagree,Strongly Disagree,Strongly Disagree
6/17/2020 15:51:48,The Netherlands,Industry,"Software Development, Operations, Quality Assurance",2,2,1,1,2,2,"... arguments/variables (ARG instruction)., ... the working directory (WORKDIR instruction).","... volumes., ... networks., ...configs., ...secrets.",Agree,Strongly Agree,Agree,Agree,Agree,Agree,Strongly Agree,Agree,,No,,Agree,Strongly Agree,Agree,Agree,Agree,Neutral,Disagree,Neutral,Disagree,Disagree,Disagree,,No,,Disagree,Disagree,Disagree,Disagree
6/17/2020 17:39:36,Germany,Industry,"Software Development, Operations",2,2,2,2,2,2,"... arguments/variables (ARG instruction)., ... volumes (VOLUME instruction)., ... the user (USER instruction)., ... the working directory (WORKDIR instruction)., ... environment variables (ENV instruction).","... volumes., ... networks.",Disagree,Strongly Disagree,Agree,Agree,Strongly Agree,Strongly Agree,Strongly Agree,Strongly Agree,"Build the image partially, then run it from that point.",No,,Neutral,Neutral,Disagree,Agree,Agree,Agree,Strongly Disagree,Disagree,Disagree,Disagree,Disagree,Exec into containers.,No,,Agree,Strongly Disagree,Neutral,Agree
6/17/2020 18:59:39,Switzerland,Industry,"Software Development, Operations, Quality Assurance",5,5,5,5,5,5,"... arguments/variables (ARG instruction)., ... volumes (VOLUME instruction)., ... the user (USER instruction)., ... the working directory (WORKDIR instruction)., ... environment variables (ENV instruction).","... volumes., ... networks., ...secrets.",Agree,Disagree,Disagree,Disagree,Neutral,Agree,Disagree,Strongly Disagree,Read the errors..,No,,Neutral,Neutral,Neutral,Disagree,Disagree,Agree,Disagree,Agree,Agree,Neutral,Disagree,Read the errors,No,,Disagree,Disagree,Agree,Agree
6/17/2020 21:11:35,USA,Industry,"Software Development, Operations",4,4,4,4,4,4,"... arguments/variables (ARG instruction)., ... volumes (VOLUME instruction)., ... the user (USER instruction)., ... the working directory (WORKDIR instruction)., ... environment variables (ENV instruction).","... volumes., ... networks., ...configs., ...secrets.",Disagree,Strongly Disagree,Agree,Agree,Neutral,Disagree,Disagree,Agree,"Comment out everything after the line causing the bug, build up to that line, exec bash into the container, run the line within the container.",No,,Neutral,Agree,Disagree,Neutral,Disagree,Neutral,Disagree,Disagree,Disagree,Strongly Disagree,Strongly Disagree,"Just read the console output, consult documentation fix. Never had any problems here.",No,,Strongly Disagree,Strongly Disagree,Strongly Disagree,Strongly Disagree
6/17/2020 21:28:49,USA,Industry,"Software Development, Product Management",5,5,5,5,5,5,"... arguments/variables (ARG instruction)., ... volumes (VOLUME instruction)., ... the user (USER instruction)., ... the working directory (WORKDIR instruction).",... volumes.,Disagree,Agree,Strongly Agree,Strongly Agree,Strongly Agree,Strongly Agree,Disagree,Strongly Agree,Usually docker run interactively and invoke bash/sh and try to run my executable within that locally.,No,,Disagree,Disagree,Agree,Strongly Agree,Agree,Strongly Agree,Strongly Agree,Strongly Agree,Agree,Neutral,Neutral,"Nothing very refined. Similar to above, sometimes docker attach and read logs",No,,Disagree,Agree,Disagree,Disagree
6/17/2020 21:36:29,Portugal,Industry,Software Development,1,1,1,1,1,1,"... arguments/variables (ARG instruction)., ... volumes (VOLUME instruction)., ... the user (USER instruction)., ... the working directory (WORKDIR instruction).","... volumes., ... networks.",Agree,Agree,Strongly Agree,Strongly Agree,Strongly Agree,Strongly Agree,Strongly Agree,Strongly Agree,,No,,Agree,Agree,Strongly Agree,Strongly Agree,Strongly Agree,Strongly Agree,Strongly Agree,Strongly Agree,Strongly Agree,Strongly Agree,Strongly Agree,Read logs: docker logs,No,,Agree,Agree,Agree,Agree
6/17/2020 22:30:53,Switzerland,Industry,"Software Development, Coaching",7,7,7,7,7,7,"... arguments/variables (ARG instruction)., ... volumes (VOLUME instruction)., ... the user (USER instruction)., ... the working directory (WORKDIR instruction)., ... environment variables (ENV instruction).","... volumes., ... networks., ...configs., ...secrets.",Disagree,Strongly Disagree,Disagree,Disagree,Neutral,Neutral,Disagree,Agree,RTFM,No,,Neutral,Neutral,Strongly Disagree,Neutral,Neutral,Disagree,Disagree,Neutral,Neutral,Neutral,Neutral,Read the console output,No,,Strongly Disagree,Strongly Disagree,Disagree,Neutral
6/18/2020 0:23:10,United Kingdom,Industry,"Software Development, Operations, Quality Assurance",4,4,4,4,4,4,"... volumes (VOLUME instruction)., ... the working directory (WORKDIR instruction)., ... environment variables (ENV instruction).","... volumes., ... networks.",Neutral,Agree,Agree,Neutral,Agree,Strongly Agree,Agree,Agree,,No,,Disagree,Neutral,Neutral,Neutral,Neutral,Agree,Agree,Agree,Agree,Neutral,Neutral,,No,,Agree,Agree,Agree,Neutral
6/18/2020 0:57:50,USA,Industry,"Software Development, Operations, Product Management",3,0,0,0,3,0,"... arguments/variables (ARG instruction)., ... the working directory (WORKDIR instruction)., ... environment variables (ENV instruction).",,Neutral,Neutral,Agree,Disagree,Agree,Strongly Agree,Strongly Agree,Agree,"I'll see which layer failed, and start a shell in a container based on that layer. Then I'll try to run the command that failed.",No,,Neutral,Neutral,Neutral,Neutral,Neutral,Neutral,Neutral,Neutral,Neutral,Neutral,Neutral,n/a,No,,Disagree,Disagree,Agree,Neutral
6/18/2020 1:36:37,USA,Industry,Software Development,3,3,3,3,2,2,"... arguments/variables (ARG instruction)., ... volumes (VOLUME instruction)., ... the user (USER instruction)., ... the working directory (WORKDIR instruction)., ... environment variables (ENV instruction).","... volumes., ... networks., ...configs., ...secrets.",Agree,Disagree,Strongly Disagree,Neutral,Strongly Agree,Strongly Agree,Agree,Strongly Agree,"Gitlab CI/CD pipeline, VSCode Linting/Syntax checking, manually evaluating commands in intermediate containers created during (failed) builds ",Yes,"Syntax highlighting, linting, auto complete (all in VSCode)",Agree,Disagree,Strongly Disagree,Neutral,Neutral,Neutral,Disagree,Agree,Disagree,Neutral,Agree,Netshoot for debugging; Docker exec into running container to evaluate issues; Docker service logs to tail running processes,Yes,"Syntax highlighting, linting, auto complete (all in VSCode)",Strongly Disagree,Strongly Disagree,Disagree,Disagree
6/18/2020 6:06:39,Australia,Industry,"Software Development, Operations",5,5,5,5,5,5,"... arguments/variables (ARG instruction)., ... volumes (VOLUME instruction)., ... the user (USER instruction)., ... the working directory (WORKDIR instruction)., ... environment variables (ENV instruction).","... volumes., ... networks., ...configs.",Agree,Disagree,Disagree,Agree,Agree,Agree,Neutral,Strongly Agree,,Yes,https://www.fromlatest.io/#/,Agree,Agree,Neutral,Agree,Agree,Neutral,Disagree,Agree,Disagree,Neutral,Disagree,,No,,Neutral,Neutral,Neutral,Neutral
6/18/2020 9:34:15,France,Industry,"Software Development, Operations",6,6,6,6,6,6,"... arguments/variables (ARG instruction)., ... volumes (VOLUME instruction)., ... the user (USER instruction)., ... the working directory (WORKDIR instruction)., ... environment variables (ENV instruction).","... volumes., ... networks., ...secrets.",Strongly Disagree,Disagree,Strongly Disagree,Neutral,Disagree,Neutral,Neutral,Agree,"Grep the ID of the last layer built, start a shell in it and then run by hand the commands",No,,Disagree,Disagree,Disagree,Neutral,Strongly Disagree,Strongly Disagree,Strongly Disagree,Disagree,Disagree,Strongly Disagree,Neutral,Generally bugs come from configuring 3rd party services and finding the right set of env vars/config for these services. So I generally need to read (sometimes extensively) their docs.,No,,Strongly Disagree,Disagree,Disagree,Strongly Disagree
6/18/2020 9:48:28,United Arab Emirates,Industry,Modern Applications infrastructure Architect,6,2,6,2,6,2,"... arguments/variables (ARG instruction)., ... volumes (VOLUME instruction)., ... the user (USER instruction)., ... the working directory (WORKDIR instruction)., ... environment variables (ENV instruction).","... volumes., ... networks., ...configs., ...secrets.",Disagree,Disagree,Disagree,Agree,Agree,Neutral,Neutral,Agree,"have look at this file, that describes my method: https://github.com/piwi3910/techtalk/blob/master/Docker_series/09/Readme.md",Yes,pycharm or visual studio + docker + docker lint,Neutral,Neutral,Neutral,Disagree,Disagree,Neutral,Neutral,Neutral,Neutral,Neutral,Neutral,same as above,Yes,visual studio + docker,Disagree,Agree,Neutral,Neutral
6/18/2020 11:13:32,Portugal,Industry,Operations,1,1,1,1,1,1,"... arguments/variables (ARG instruction)., ... volumes (VOLUME instruction)., ... the user (USER instruction)., ... the working directory (WORKDIR instruction)., ... environment variables (ENV instruction).","... volumes., ... networks., ...configs., ...secrets.",Agree,Strongly Agree,Agree,Strongly Agree,Strongly Agree,Strongly Agree,Agree,Strongly Agree,Start with many layers and then reducing them because it's easier to debug when they are more separated,No,,Neutral,Agree,Neutral,Neutral,Strongly Agree,Strongly Agree,Neutral,Strongly Agree,Neutral,Agree,Disagree,,No,,Neutral,Neutral,Agree,Agree
6/18/2020 18:02:34,USA,Industry,"Software Development, Operations",4,2,2,2,4,2,"... arguments/variables (ARG instruction)., ... volumes (VOLUME instruction)., ... the working directory (WORKDIR instruction)., ... environment variables (ENV instruction).","... volumes., ... networks., ...configs.",Disagree,Agree,Neutral,Strongly Disagree,Strongly Agree,Agree,Disagree,Disagree,,No,,Disagree,Strongly Disagree,Disagree,Strongly Agree,Disagree,Disagree,Strongly Disagree,Strongly Disagree,Disagree,Disagree,Strongly Disagree,,No,,Strongly Agree,Neutral,Strongly Disagree,Neutral
6/18/2020 19:57:01,Portugal,Academia,Software Development,4,4,4,4,3,3,"... arguments/variables (ARG instruction)., ... volumes (VOLUME instruction)., ... the working directory (WORKDIR instruction)., ... environment variables (ENV instruction).","... volumes., ... networks., ...configs., ...secrets.",Agree,Agree,Neutral,Neutral,Strongly Agree,Strongly Agree,Agree,Strongly Agree,,No,,Agree,Agree,Strongly Agree,Agree,Neutral,Strongly Disagree,Disagree,Disagree,Disagree,Neutral,Neutral,,No,,Neutral,Agree,Neutral,Neutral
6/18/2020 22:50:42,Portugal,Industry,"Software Development, Operations, Coaching",3,3,3,3,3,3,"... arguments/variables (ARG instruction)., ... volumes (VOLUME instruction)., ... the user (USER instruction)., ... the working directory (WORKDIR instruction)., ... environment variables (ENV instruction).","... volumes., ... networks., ...configs.",Neutral,Neutral,Agree,Strongly Agree,Agree,Agree,Agree,Agree,"Using a makefile to create some shortcuts, leave a running process inside the machine and SSH into it to understand what I might be missing.",Yes,Makefile,Neutral,Disagree,Disagree,Neutral,Disagree,Neutral,Neutral,Neutral,Neutral,Neutral,Strongly Disagree,The same I do for Dockerfiles.,Yes,Makefile,Strongly Disagree,Strongly Disagree,Disagree,Neutral
6/19/2020 1:31:06,Portugal,Industry,Software Development,2,0,2,0,2,0,... the user (USER instruction).,,Neutral,Neutral,Agree,Disagree,Agree,Neutral,Disagree,Strongly Agree,,Yes,Syntax highlighting,Neutral,Neutral,Neutral,Neutral,Neutral,Neutral,Neutral,Neutral,Neutral,Neutral,Neutral,,No,,Neutral,Neutral,Neutral,Neutral
6/19/2020 1:44:34,Portugal,"Industry, Academia","Software Development, Masters",1,1,1,0,1,1,"... volumes (VOLUME instruction)., ... the working directory (WORKDIR instruction)., ... environment variables (ENV instruction).","... volumes., ... networks.",Agree,Agree,Agree,Agree,Agree,Agree,Agree,Agree,,No,,Agree,Agree,Agree,Agree,Agree,Agree,Agree,Agree,Agree,Strongly Disagree,Strongly Disagree,,No,,Neutral,Agree,Agree,Agree
6/19/2020 7:03:30,Portugal,Industry,Software Development,3,0,3,0,1,0,"... arguments/variables (ARG instruction)., ... the working directory (WORKDIR instruction)., ... environment variables (ENV instruction).",,Agree,Agree,Neutral,Neutral,Neutral,Agree,Neutral,Neutral,,No,,Neutral,Neutral,Neutral,Neutral,Neutral,Neutral,Neutral,Neutral,Neutral,Neutral,Neutral,,No,,Neutral,Neutral,Neutral,Neutral
6/19/2020 7:45:39,Portugal,Industry,"Software Development, Operations",5,3,5,3,5,3,"... volumes (VOLUME instruction)., ... the user (USER instruction)., ... the working directory (WORKDIR instruction)., ... environment variables (ENV instruction).","... volumes., ... networks., ...configs.",Neutral,Disagree,Neutral,Disagree,Disagree,Disagree,Disagree,Disagree,,No,,Neutral,Disagree,Disagree,Disagree,Disagree,Neutral,Disagree,Disagree,Disagree,Disagree,Neutral,,No,,Disagree,Disagree,Disagree,Disagree
6/19/2020 13:55:04,Germany,Industry,Software Development,4,4,4,4,4,4,"... arguments/variables (ARG instruction)., ... volumes (VOLUME instruction)., ... the user (USER instruction)., ... the working directory (WORKDIR instruction)., ... environment variables (ENV instruction).","... volumes., ... networks., ...configs.",Neutral,Neutral,Agree,Strongly Agree,Agree,Strongly Agree,Agree,Neutral,Peer review of the docker file and searching the internet (especially stack overflow) for prior knowledge.,No,,Agree,Agree,Agree,Disagree,Neutral,Agree,Neutral,Agree,Neutral,Neutral,Strongly Disagree,"Peer review and searching the internet, especially stack overflow, for prior knowledge",No,,Neutral,Disagree,Agree,Agree
6/19/2020 14:10:46,Germany,Industry,"Software Development, Operations, Quality Assurance",3,3,3,3,3,3,"... arguments/variables (ARG instruction)., ... volumes (VOLUME instruction)., ... the working directory (WORKDIR instruction)., ... environment variables (ENV instruction).","... volumes., ... networks., ...configs., ...secrets.",Agree,Strongly Agree,Disagree,Neutral,Disagree,Disagree,Neutral,Agree,Watch the files and and automatically retrigger the build of the image,No,,Neutral,Neutral,Disagree,Disagree,Disagree,Agree,Agree,Agree,Neutral,Neutral,Agree,Manually start the build process,No,,Disagree,Disagree,Disagree,Disagree
6/19/2020 14:23:06,Serbia,Industry,"Software Development, Operations",4,2,4,0,4,2,"... arguments/variables (ARG instruction)., ... volumes (VOLUME instruction)., ... the working directory (WORKDIR instruction)., ... environment variables (ENV instruction).","... volumes., ...configs.",Agree,Strongly Agree,Neutral,Strongly Agree,Strongly Agree,Strongly Agree,Strongly Agree,Strongly Agree,Open bash or sh in the container and try directly in the container to find bugs,No,,Agree,Strongly Agree,Disagree,Strongly Agree,Strongly Agree,Neutral,Strongly Agree,Strongly Agree,Agree,Strongly Agree,Agree,Open bash or sh in the container and try directly in the container(s) to find bugs,No,,Strongly Disagree,Strongly Disagree,Strongly Agree,Strongly Agree
6/19/2020 14:27:07,Portugal,Industry,Operations,6,5,6,5,6,5,"... arguments/variables (ARG instruction)., ... volumes (VOLUME instruction)., ... the working directory (WORKDIR instruction)., ... environment variables (ENV instruction).","... volumes., ... networks., ...configs., ...secrets.",Neutral,Disagree,Strongly Agree,Agree,Agree,Strongly Agree,Strongly Agree,Neutral,multi-layer approach and stripping from base image unneeded layers/components. modular approach and logs verbosety,Yes,Visual Studio Code plugins mainly,Neutral,Disagree,Agree,Agree,Disagree,Neutral,Strongly Agree,Agree,Agree,Agree,Agree,modular approach service by service,Yes,Visual Studio Code plugins,Neutral,Agree,Agree,Agree
6/19/2020 14:43:57,Unknown,Industry,Software Development,1,1,1,1,1,1,"... arguments/variables (ARG instruction)., ... volumes (VOLUME instruction)., ... the working directory (WORKDIR instruction)., ... environment variables (ENV instruction).","... volumes., ... networks., ...configs.",Strongly Agree,Agree,Neutral,Disagree,Neutral,Disagree,Disagree,Disagree,"why would you ask such complex and open-ended question in a form? jesus christ, you guys are brain dead",No,,Strongly Agree,Disagree,Neutral,Disagree,Disagree,Agree,Disagree,Neutral,Neutral,Neutral,Disagree,...,No,,Disagree,Disagree,Disagree,Neutral
6/19/2020 17:34:12,United Kingdom,Industry,Software Development,2,2,2,2,1,1,"... arguments/variables (ARG instruction)., ... volumes (VOLUME instruction)., ... the user (USER instruction)., ... the working directory (WORKDIR instruction)., ... environment variables (ENV instruction).","... volumes., ... networks., ...configs.",Strongly Agree,Strongly Agree,Disagree,Strongly Agree,Strongly Agree,Strongly Agree,Strongly Agree,Strongly Agree,grep logs,No,,Strongly Agree,Strongly Agree,Strongly Disagree,Strongly Agree,Strongly Agree,Strongly Agree,Strongly Agree,Strongly Agree,Strongly Agree,Strongly Agree,Disagree,grep logs,No,,Agree,Agree,Neutral,Disagree
6/19/2020 18:36:45,Brazil,Industry,Software Development,5,5,5,5,3,3,"... arguments/variables (ARG instruction)., ... volumes (VOLUME instruction)., ... the user (USER instruction)., ... the working directory (WORKDIR instruction)., ... environment variables (ENV instruction).","... volumes., ... networks., ...configs.",Agree,Agree,Neutral,Agree,Agree,Neutral,Neutral,Strongly Agree,log,No,,Agree,Agree,Neutral,Agree,Agree,Neutral,Neutral,Neutral,Disagree,Disagree,Strongly Disagree,log,No,,Neutral,Neutral,Agree,Strongly Disagree
6/20/2020 7:44:19,India,Industry,Operations,2,1.5,1,1,1,1,"... volumes (VOLUME instruction)., ... the user (USER instruction)., ... the working directory (WORKDIR instruction)., ... environment variables (ENV instruction).","... volumes., ... networks., ...configs.",Neutral,Agree,Strongly Agree,Strongly Agree,Agree,Strongly Agree,Strongly Agree,Agree,"docker inspect, docker logs , cAdvisor",No,,Disagree,Neutral,Disagree,Agree,Disagree,Neutral,Agree,Neutral,Neutral,Strongly Agree,Strongly Agree,docker logs and docker network troubshooting,No,,Neutral,Agree,Agree,Neutral
6/20/2020 8:50:01,Australia,Industry,Software Development,4,4,6,4,2,2,"... arguments/variables (ARG instruction)., ... volumes (VOLUME instruction)., ... the user (USER instruction)., ... environment variables (ENV instruction).","... volumes., ... networks., ...configs., ...secrets.",Agree,Strongly Agree,Neutral,Neutral,Strongly Agree,Strongly Agree,Strongly Agree,Strongly Agree,Lots of googling,No,,Agree,Strongly Agree,Agree,Strongly Agree,Strongly Agree,Strongly Agree,Strongly Agree,Strongly Agree,Strongly Agree,Strongly Agree,Strongly Agree,More googling,No,,Neutral,Neutral,Strongly Agree,Strongly Agree
6/20/2020 16:58:29,United Kingdom,Industry,"Software Development, Operations, Coaching",4,4,4,4,4,4,"... arguments/variables (ARG instruction)., ... volumes (VOLUME instruction)., ... the user (USER instruction)., ... the working directory (WORKDIR instruction)., ... environment variables (ENV instruction).","... volumes., ... networks., ...secrets.",Neutral,Agree,Strongly Agree,Agree,Agree,Agree,Agree,Agree,,No,,Agree,Neutral,Agree,Agree,Agree,Agree,Agree,Agree,Agree,Neutral,Neutral,,No,,Strongly Agree,Strongly Agree,Agree,Agree
6/21/2020 9:05:06,Portugal,Industry,Operations,2,1,2,1,1,1,"... volumes (VOLUME instruction)., ... the working directory (WORKDIR instruction)., ... environment variables (ENV instruction).","... volumes., ... networks.",Strongly Agree,Strongly Agree,Agree,Disagree,Agree,Agree,Agree,Agree,,No,,Strongly Agree,Strongly Agree,Agree,Agree,Disagree,Disagree,Disagree,Agree,Disagree,Neutral,Neutral,,Yes,"Portainer is a graphical tool that helps creating containers, services and stacks",Agree,Disagree,Agree,Disagree
6/21/2020 19:32:07,Canada,Industry,"Software Development, Operations",2,2,2,0,2,2,"... arguments/variables (ARG instruction)., ... volumes (VOLUME instruction)., ... the user (USER instruction)., ... the working directory (WORKDIR instruction)., ... environment variables (ENV instruction).","... volumes., ... networks., ...configs., ...secrets.",Strongly Disagree,Neutral,Disagree,Strongly Agree,Strongly Agree,Neutral,Strongly Disagree,Strongly Disagree,Read errors and problem solve based on the output,No,,Strongly Disagree,Strongly Disagree,Strongly Disagree,Neutral,Neutral,Strongly Agree,Strongly Disagree,Strongly Disagree,Strongly Disagree,Strongly Disagree,Strongly Disagree,Compare my running Local docker compose to what I expect in other environments,No,,Strongly Disagree,Neutral,Neutral,Neutral
6/22/2020 14:31:52,USA,Industry,"Software Development, Operations",5,3,5,3,5,3,"... arguments/variables (ARG instruction)., ... volumes (VOLUME instruction)., ... the user (USER instruction)., ... the working directory (WORKDIR instruction)., ... environment variables (ENV instruction).","... volumes., ... networks., ...configs.",Neutral,Disagree,Disagree,Agree,Strongly Agree,Disagree,Disagree,Agree,,No,,Agree,Agree,Disagree,Disagree,Agree,Agree,Strongly Agree,Strongly Agree,Agree,Agree,Neutral,,No,,Disagree,Disagree,Disagree,Disagree
6/22/2020 14:48:25,USA,Industry,"Software Development, Operations, Quality Assurance",4,4,1,1,4,4,"... arguments/variables (ARG instruction)., ... volumes (VOLUME instruction)., ... the working directory (WORKDIR instruction)., ... environment variables (ENV instruction).","... volumes., ... networks., ...configs., ...secrets.",Neutral,Disagree,Disagree,Neutral,Agree,Agree,Neutral,Agree,It's usually fairly straightforward. Bash output is most of what I need.,No,,Neutral,Neutral,Neutral,Neutral,Agree,Agree,Neutral,Agree,Agree,Neutral,Neutral,They aren't much trouble.,No,,Neutral,Agree,Agree,Agree
6/22/2020 15:17:44,Canada,Industry,"Software Development, Quality Assurance, Coaching",5,5,5,5,5,5,"... arguments/variables (ARG instruction)., ... volumes (VOLUME instruction)., ... the working directory (WORKDIR instruction)., ... environment variables (ENV instruction).",... volumes.,Agree,Agree,Strongly Agree,Agree,Strongly Agree,Strongly Agree,Strongly Agree,Neutral,Mostly trial and error,No,,Agree,Agree,Strongly Agree,Strongly Agree,Neutral,Agree,Agree,Strongly Agree,Neutral,Neutral,Neutral,Trial and errors,No,,Disagree,Disagree,Disagree,Agree
6/23/2020 6:56:17,Canada,Industry,Software Development,5,2,2,1,3,1,"... arguments/variables (ARG instruction)., ... environment variables (ENV instruction).","... volumes., ... networks., ...configs.",Neutral,Strongly Agree,Strongly Agree,Neutral,Strongly Agree,Strongly Agree,Strongly Agree,Strongly Agree,Trial and error,No,,Neutral,Neutral,Agree,Strongly Agree,Strongly Agree,Agree,Agree,Strongly Agree,Agree,Agree,Neutral,,No,,Strongly Agree,Strongly Agree,Neutral,Neutral
6/23/2020 12:49:07,Hong Kong,Industry,Software Development,3,0,3,0,3,0,"... volumes (VOLUME instruction)., ... the user (USER instruction)., ... environment variables (ENV instruction).",,Strongly Agree,Strongly Agree,Agree,Agree,Agree,Agree,Agree,Agree,Build a d then test,No,,Neutral,Neutral,Neutral,Neutral,Neutral,Neutral,Neutral,Neutral,Neutral,Neutral,Neutral,,No,,Neutral,Neutral,Neutral,Neutral
6/23/2020 14:52:20,USA,Industry,"Software Development, Operations",4,1,2,1,4,1,"... arguments/variables (ARG instruction)., ... volumes (VOLUME instruction)., ... the user (USER instruction)., ... the working directory (WORKDIR instruction)., ... environment variables (ENV instruction).","... networks., ...configs.",Agree,Disagree,Neutral,Agree,Strongly Agree,Agree,Neutral,Strongly Agree,Reading STDOUT and invoking a shell in the container,No,,Agree,Agree,Agree,Agree,Agree,Agree,Agree,Agree,Agree,Agree,Agree,Inspecting STDOUT,No,,Strongly Agree,Strongly Agree,Strongly Agree,Strongly Agree
6/23/2020 14:55:35,Colombia,Industry,Operations,4,2,3,1,4,1,"... arguments/variables (ARG instruction)., ... volumes (VOLUME instruction)., ... the user (USER instruction)., ... the working directory (WORKDIR instruction)., ... environment variables (ENV instruction).","... volumes., ... networks., ...configs., ...secrets.",Agree,Agree,Disagree,Disagree,Strongly Agree,Strongly Agree,Strongly Agree,Disagree,Reviewing logs and lint pages,No,,Agree,Agree,Agree,Strongly Agree,Strongly Agree,Strongly Agree,Strongly Agree,Disagree,Disagree,Neutral,Neutral,restarting services,No,,Strongly Agree,Agree,Agree,Agree
6/23/2020 16:14:57,United Kingdom,Industry,"Software Development, Operations",3,3,3,3,3,3,"... arguments/variables (ARG instruction)., ... volumes (VOLUME instruction)., ... the user (USER instruction)., ... the working directory (WORKDIR instruction)., ... environment variables (ENV instruction).","... volumes., ... networks., ...configs.",Agree,Agree,Strongly Agree,Agree,Agree,Agree,Strongly Agree,Agree,Often exec into the container to troubleshoot what is going wrong,Yes,Visual Studio code docker extension,Agree,Strongly Agree,Strongly Agree,Agree,Strongly Agree,Agree,Agree,Agree,Agree,Agree,Agree,Write tests and scripts to confirm behaviour and services are as expected,Yes,VSCode extensions,Agree,Strongly Agree,Agree,Agree
6/23/2020 17:31:48,The Netherlands,Industry,Software Development,5,1,3,1,5,1,"... arguments/variables (ARG instruction)., ... volumes (VOLUME instruction)., ... the user (USER instruction)., ... the working directory (WORKDIR instruction)., ... environment variables (ENV instruction).","... volumes., ... networks.",Neutral,Disagree,Neutral,Agree,Agree,Strongly Agree,Neutral,Agree,"build without a cache to verify if it is a caching issue, run a shell in the container to inspect versions of files in there - that is if there is a shell in the container",No,,Strongly Agree,Strongly Agree,Neutral,Strongly Agree,Neutral,Neutral,Neutral,Neutral,Agree,Neutral,Neutral,not use docker compose,No,,Neutral,Neutral,Neutral,Neutral
6/23/2020 18:58:00,Canada,Industry,Software Development,2,2,2,2,2,2,"... arguments/variables (ARG instruction)., ... volumes (VOLUME instruction)., ... environment variables (ENV instruction).","... volumes., ... networks., ...configs.",Strongly Agree,Strongly Agree,Neutral,Neutral,Neutral,Strongly Agree,Neutral,Neutral,echo as a poor-man's debugger and googling the errors,No,,Agree,Neutral,Neutral,Neutral,Agree,Strongly Agree,Neutral,Neutral,Neutral,Neutral,Neutral,reading any stdout/stderr from the container and googling,No,,Neutral,Agree,Agree,Agree
6/24/2020 12:04:03,United Kingdom,Academia,"Software Development, Scientific Research",1,1,1,0,1,1,"... arguments/variables (ARG instruction)., ... volumes (VOLUME instruction)., ... the working directory (WORKDIR instruction)., ... environment variables (ENV instruction).",,Agree,Agree,Agree,Neutral,Agree,Neutral,Disagree,Neutral,Opening the intermediate containers and manually checking issues,No,,Neutral,Neutral,Neutral,Neutral,Neutral,Neutral,Neutral,Neutral,Neutral,Neutral,Neutral,,No,,Neutral,Neutral,Neutral,Neutral
6/24/2020 12:31:16,India,Academia,Software Development,2,2,2,2,2,2,"... the user (USER instruction)., ... the working directory (WORKDIR instruction)., ... environment variables (ENV instruction).","... volumes., ... networks.",Agree,Strongly Agree,Strongly Agree,Strongly Agree,Agree,Strongly Agree,Strongly Agree,Strongly Agree,"Getting a shell inside the container, running scripts by hand, if its a Python project, running the python interpreter and verifying the objects instantiated.",Yes,The vscode Docker Plugin,Strongly Agree,Strongly Agree,Agree,Neutral,Neutral,Agree,Agree,Strongly Agree,Strongly Agree,Neutral,Neutral,"Network and volume mount issues are the most frequent for me, why a volume isnt mounting, why is the other serving not connecting, why the volume isnt updating. I try different volume names, different network names, adding/removing leading slashes in volume names, pinging services from container shell.",Yes,VSCode Docker-Compose,Neutral,Agree,Strongly Agree,Strongly Agree
6/24/2020 15:05:48,USA,Industry,Software Development,3,3,3,3,1,1,"... arguments/variables (ARG instruction)., ... the user (USER instruction)., ... the working directory (WORKDIR instruction)., ... environment variables (ENV instruction).","... volumes., ... networks.",Agree,Agree,Neutral,Agree,Agree,Agree,Neutral,Neutral,"My Dockerfiles are generally as simple as I can make them and they represent a small, independently-testable unit.",No,,Strongly Agree,Agree,Agree,Agree,Neutral,Agree,Agree,Neutral,Agree,Neutral,Neutral,,No,,Neutral,Agree,Agree,Agree
6/24/2020 16:34:49,USA,Industry,"Software Development, Coaching",3,3,3,3,3,3,"... arguments/variables (ARG instruction)., ... volumes (VOLUME instruction)., ... the user (USER instruction)., ... the working directory (WORKDIR instruction)., ... environment variables (ENV instruction).",... volumes.,Neutral,Disagree,Neutral,Agree,Agree,Agree,Neutral,Agree,"Create file in way which allows caching to be stable for iterative runs. Rerun last step inside an interactive shell instance Use export / pwd / grep, so on Volume mount to local files so I can edit them in a normal editor",Yes,Visual Studio Code for editing and command line to execute,Neutral,Neutral,Neutral,Neutral,Neutral,Agree,Disagree,Neutral,Disagree,Neutral,Neutral,"Try to keep them super simple
Try not to use too many volume mounts",Yes,Visual Studio Code for editing and command line to execute,Disagree,Disagree,Neutral,Disagree
6/24/2020 18:26:46,Portugal,Industry,Software Development,6,4,6,4,6,4,"... arguments/variables (ARG instruction)., ... the user (USER instruction)., ... the working directory (WORKDIR instruction)., ... environment variables (ENV instruction).","... volumes., ... networks., ...configs., ...secrets.",Disagree,Disagree,Agree,Agree,Neutral,Neutral,Strongly Disagree,Neutral,,No,,Disagree,Disagree,Agree,Disagree,Disagree,Disagree,Disagree,Disagree,Agree,Disagree,Neutral,,No,,Agree,Disagree,Disagree,Agree
6/25/2020 0:24:57,USA,Industry,Software Development,3,3,3,3,3,0,"... arguments/variables (ARG instruction)., ... volumes (VOLUME instruction).","... networks., ...configs.",Strongly Agree,Strongly Agree,Agree,Strongly Agree,Strongly Agree,Agree,Agree,Strongly Agree,Trial & error,No,,Strongly Agree,Strongly Agree,Agree,Strongly Agree,Strongly Agree,Strongly Agree,Neutral,Neutral,Agree,Neutral,Neutral,,No,,Agree,Agree,Neutral,Strongly Agree
6/25/2020 8:30:09,Spain,Industry,"Software Development, Operations",7,6,7,6,7,6,"... arguments/variables (ARG instruction)., ... volumes (VOLUME instruction)., ... the user (USER instruction)., ... the working directory (WORKDIR instruction)., ... environment variables (ENV instruction).","... volumes., ... networks.",Neutral,Disagree,Disagree,Disagree,Agree,Strongly Disagree,Strongly Disagree,Agree,Check the build log. Usually someone just tries to download something from the internet and is no longer available.,No,,Neutral,Disagree,Disagree,Neutral,Agree,Agree,Agree,Neutral,Neutral,Neutral,Neutral,check the logs and use tcpdump to see if the containers can talk to each other.,No,,Disagree,Neutral,Disagree,Disagree
6/25/2020 8:34:10,Spain,Industry,Software Development,1,1,1,1,1,1,,,Neutral,Agree,Disagree,Strongly Agree,Strongly Agree,Agree,Strongly Agree,Strongly Agree,"When something is not working properly, for example, when I miss to include in the Dockerfile to add some program.",No,,Neutral,Agree,Disagree,Neutral,Agree,Disagree,Agree,Agree,Disagree,Neutral,Strongly Disagree,,No,,Neutral,Neutral,Neutral,Neutral
6/25/2020 8:51:37,Spain,Industry,"Software Development, Operations",6,6,6,6,6,6,"... arguments/variables (ARG instruction)., ... the user (USER instruction)., ... the working directory (WORKDIR instruction)., ... environment variables (ENV instruction).","... volumes., ... networks., ...configs., ...secrets.",Neutral,Agree,Strongly Agree,Strongly Agree,Strongly Agree,Strongly Agree,Strongly Agree,Strongly Agree,"Review Logs
Check code
Review Dependencies",No,,Neutral,Agree,Strongly Agree,Strongly Agree,Strongly Agree,Agree,Strongly Agree,Agree,Neutral,Agree,Agree,"Review Logs
Check depends_on
Check that all services are running
Restart services",No,,Neutral,Agree,Neutral,Neutral
6/25/2020 9:30:08,Spain,Industry,Software Development,4,4,4,4,4,4,"... arguments/variables (ARG instruction)., ... volumes (VOLUME instruction)., ... the user (USER instruction)., ... the working directory (WORKDIR instruction)., ... environment variables (ENV instruction).","... volumes., ... networks.",Disagree,Disagree,Neutral,Strongly Agree,Neutral,Disagree,Disagree,Strongly Agree,"Expect desired state X. Has it been met? If not, see which one of the steps failed and fix it. GOTO1.",No,,Neutral,Strongly Disagree,Strongly Disagree,Agree,Disagree,Agree,Strongly Disagree,Disagree,Disagree,Strongly Disagree,Strongly Disagree,Same as in Dockerfiles.,No,,Strongly Agree,Disagree,Agree,Disagree
6/25/2020 10:10:01,Spain,Industry,"Software Development, Operations",5,4,5,4,5,4,"... arguments/variables (ARG instruction)., ... volumes (VOLUME instruction)., ... the user (USER instruction)., ... the working directory (WORKDIR instruction)., ... environment variables (ENV instruction).","... volumes., ... networks., ...configs., ...secrets.",Neutral,Disagree,Disagree,Agree,Neutral,Agree,Neutral,Agree,It depends on the nature of the resulting container,Yes,buildkit,Disagree,Disagree,Disagree,Neutral,Agree,Neutral,Disagree,Disagree,Disagree,Disagree,Disagree,"check logs, check process status",No,,Strongly Disagree,Strongly Disagree,Strongly Disagree,Strongly Disagree
6/25/2020 11:17:27,Spain,Industry,Software Development,1,1,0,0,1,1,"... volumes (VOLUME instruction)., ... the user (USER instruction)., ... the working directory (WORKDIR instruction)., ... environment variables (ENV instruction).","... volumes., ... networks.",Disagree,Agree,Agree,Strongly Agree,Strongly Agree,Strongly Agree,Neutral,Strongly Agree,,No,,Strongly Agree,Agree,Strongly Disagree,Agree,Strongly Agree,Strongly Agree,Neutral,Agree,Agree,Neutral,Neutral,,No,,Strongly Agree,Strongly Agree,Strongly Agree,Strongly Agree
6/25/2020 12:15:45,Spain,Industry,"Software Development, Operations",5,5,5,5,5,5,"... arguments/variables (ARG instruction)., ... volumes (VOLUME instruction)., ... the user (USER instruction)., ... the working directory (WORKDIR instruction)., ... environment variables (ENV instruction).","... volumes., ... networks., ...configs., ...secrets.",Strongly Disagree,Strongly Disagree,Disagree,Disagree,Neutral,Strongly Disagree,Strongly Disagree,Neutral,Keep it simple: avoid bugs in the first place and fix it easily,No,,Disagree,Strongly Disagree,Disagree,Strongly Disagree,Strongly Disagree,Disagree,Strongly Disagree,Strongly Disagree,Strongly Disagree,Strongly Disagree,Disagree,keep it simple,No,,Strongly Disagree,Strongly Disagree,Strongly Disagree,Strongly Disagree
6/25/2020 13:24:11,Spain,Industry,Software Development,1,1,1,1,1,1,"... arguments/variables (ARG instruction)., ... volumes (VOLUME instruction)., ... the working directory (WORKDIR instruction)., ... environment variables (ENV instruction).","... volumes., ... networks., ...configs.",Disagree,Agree,Neutral,Neutral,Agree,Strongly Agree,Strongly Agree,Neutral,ssh into the container,Yes,vscode https://code.visualstudio.com/docs/remote/containers,Neutral,Disagree,Disagree,Agree,Agree,Disagree,Disagree,Disagree,Disagree,Disagree,Agree,ssh into the containers,Yes,,Neutral,Neutral,Neutral,Neutral
6/25/2020 15:35:33,USA,Industry,Software Development,5,1,5,1,5,0,... environment variables (ENV instruction).,"... volumes., ... networks., ...configs., ...secrets.",Agree,Agree,Disagree,Neutral,Neutral,Disagree,Disagree,Agree,,No,,Agree,Agree,Neutral,Agree,Neutral,Neutral,Neutral,Neutral,Agree,Neutral,Neutral,,No,,Agree,Neutral,Agree,Agree
6/25/2020 19:13:29,Spain,Industry,Software Development,2,2,2,2,1,1,"... arguments/variables (ARG instruction)., ... volumes (VOLUME instruction)., ... the user (USER instruction)., ... the working directory (WORKDIR instruction)., ... environment variables (ENV instruction).","... volumes., ... networks.",Strongly Disagree,Strongly Disagree,Agree,Strongly Agree,Agree,Neutral,Disagree,Neutral,,No,,Strongly Disagree,Strongly Disagree,Disagree,Strongly Disagree,Disagree,Agree,Agree,Agree,Disagree,Disagree,Disagree,,No,,Agree,Agree,Neutral,Disagree
6/25/2020 22:22:28,USA,Industry,Software Development,5,1,5,1,5,0,... environment variables (ENV instruction).,"... volumes., ... networks., ...configs., ...secrets.",Agree,Agree,Disagree,Neutral,Neutral,Disagree,Disagree,Agree,,No,,Agree,Agree,Neutral,Agree,Neutral,Neutral,Neutral,Neutral,Agree,Neutral,Neutral,,No,,Agree,Neutral,Agree,Agree
6/26/2020 2:16:53,Hong Kong,Industry,"Software Development, Operations",6,0,6,0,6,0,"... arguments/variables (ARG instruction)., ... the user (USER instruction)., ... the working directory (WORKDIR instruction)., ... environment variables (ENV instruction).",,Disagree,Disagree,Disagree,Disagree,Neutral,Disagree,Disagree,Neutral,,No,,Neutral,Neutral,Neutral,Neutral,Neutral,Neutral,Neutral,Neutral,Neutral,Neutral,Neutral,,No,,Neutral,Neutral,Neutral,Neutral
6/26/2020 9:46:44,Denmark,Industry,"Software Development, Operations",4,4,3,3,4,4,"... arguments/variables (ARG instruction)., ... environment variables (ENV instruction).",... volumes.,Disagree,Neutral,Agree,Agree,Strongly Agree,Strongly Agree,Strongly Agree,Strongly Agree,Check the logging what went wrong. Logging into the container to check current runtime status.,No,,Disagree,Neutral,Strongly Agree,Agree,Neutral,Agree,Neutral,Strongly Agree,Neutral,Neutral,Neutral,Logging output,No,,Neutral,Neutral,Agree,Neutral
6/26/2020 23:03:32,Chile,Industry,"Software Development, Teaching",3,2,3,2,3,2,"... arguments/variables (ARG instruction)., ... volumes (VOLUME instruction)., ... the working directory (WORKDIR instruction)., ... environment variables (ENV instruction).","... volumes., ...configs., ...secrets.",Agree,Neutral,Disagree,Agree,Strongly Agree,Agree,Disagree,Strongly Agree,,No,,Strongly Agree,Strongly Agree,Disagree,Agree,Strongly Agree,Neutral,Strongly Agree,Neutral,Strongly Agree,Agree,Neutral,,No,,Disagree,Disagree,Disagree,Neutral
6/27/2020 16:45:53,USA,Academia,Scientific Research,2,1,3,1,3,1,"... arguments/variables (ARG instruction)., ... the user (USER instruction)., ... the working directory (WORKDIR instruction)., ... environment variables (ENV instruction).","... volumes., ... networks.",Neutral,Neutral,Agree,Agree,Strongly Agree,Strongly Agree,Strongly Agree,Agree,"Run, find issues, patch the line, and repeat",No,,Agree,Agree,Agree,Agree,Agree,Strongly Agree,Strongly Agree,Strongly Agree,Strongly Agree,Strongly Agree,Strongly Agree,,No,,Agree,Agree,Agree,Agree
6/27/2020 19:29:58,United Kingdom,Industry,"Software Development, Operations",2,0,3,0,2,0,"... arguments/variables (ARG instruction)., ... volumes (VOLUME instruction)., ... the user (USER instruction)., ... the working directory (WORKDIR instruction)., ... environment variables (ENV instruction).",,Agree,Agree,Agree,Strongly Agree,Agree,Agree,Disagree,Disagree,"view logs, run container and exec into it",No,,Neutral,Neutral,Neutral,Neutral,Neutral,Neutral,Neutral,Neutral,Neutral,Neutral,Neutral,,No,,Neutral,Neutral,Neutral,Neutral
6/28/2020 21:08:56,Spain,Industry,"Software Development, Scientific Research",0.5,0.5,0,0,0.5,0.5,"... arguments/variables (ARG instruction)., ... the working directory (WORKDIR instruction)., ... environment variables (ENV instruction).",... volumes.,Neutral,Agree,Agree,Strongly Agree,Agree,Agree,Neutral,Agree,Emulating commands in a shell inside a base container.,No,,Neutral,Neutral,Neutral,Neutral,Neutral,Neutral,Neutral,Neutral,Neutral,Neutral,Neutral,,No,,Neutral,Agree,Neutral,Neutral
6/29/2020 9:36:00,France,Industry,Software Development,4,4,4,4,4,4,"... volumes (VOLUME instruction)., ... the user (USER instruction)., ... the working directory (WORKDIR instruction)., ... environment variables (ENV instruction).","... volumes., ... networks., ...configs., ...secrets.",Agree,Agree,Neutral,Disagree,Agree,Neutral,Neutral,Agree,logs than inspect and exec,No,,Agree,Agree,Neutral,Neutral,Agree,Agree,Agree,Neutral,Strongly Agree,Disagree,Disagree,logs,No,,Neutral,Agree,Disagree,Agree
6/29/2020 9:36:02,France,Industry,"Software Development, Operations, Scientific Research",3,1,3,1,3,1,"... arguments/variables (ARG instruction)., ... the working directory (WORKDIR instruction)., ... environment variables (ENV instruction).","... volumes., ... networks.",Agree,Disagree,Strongly Agree,Neutral,Agree,Agree,Disagree,Strongly Agree,Rage and despair,Yes,PyCharm,Strongly Agree,Agree,Strongly Disagree,Agree,Strongly Agree,Agree,Strongly Disagree,Neutral,Agree,Neutral,Neutral,Write reduced test cases and read source code because the documentation is unclear,Yes,Pycharm,Strongly Disagree,Strongly Disagree,Agree,Agree
6/29/2020 9:49:27,South Africa,Industry,"Software Development, Product Management",1,2,2,2,1,0,,,Disagree,Disagree,Neutral,Disagree,Neutral,Agree,Agree,Agree,"Review build logs, search errors online, docker ps, docker exec -it {container} bash",No,,Neutral,Neutral,Neutral,Neutral,Neutral,Neutral,Neutral,Neutral,Neutral,Neutral,Neutral,I don't really user these files,No,,Neutral,Neutral,Neutral,Neutral
6/29/2020 10:41:42,South Africa,Industry,Software Development,2,2,2,2,2,2,"... arguments/variables (ARG instruction)., ... volumes (VOLUME instruction)., ... environment variables (ENV instruction).","... volumes., ... networks., ...configs., ...secrets.",Neutral,Neutral,Disagree,Agree,Agree,Agree,Agree,Neutral,"Remove steps and add them back one at a time. Alternatively I run the container and enter an interactive shell in the container and try to resolve any issues I have making note of what I needed to do, then adding the relevant steps to the dockerfile.",No,,Neutral,Agree,Neutral,Agree,Neutral,Agree,Agree,Neutral,Agree,Agree,Neutral,,No,,Neutral,Neutral,Neutral,Neutral
6/29/2020 12:26:06,South Africa,Industry,"Software Development, Operations",1.5,1.5,1.5,1.5,1.5,1.5,"... arguments/variables (ARG instruction)., ... volumes (VOLUME instruction)., ... the user (USER instruction)., ... the working directory (WORKDIR instruction)., ... environment variables (ENV instruction).","... volumes., ... networks.",Neutral,Neutral,Neutral,Strongly Disagree,Strongly Disagree,Strongly Disagree,Strongly Disagree,Strongly Disagree,General shell debugging techniques,No,,Neutral,Neutral,Neutral,Disagree,Strongly Disagree,Strongly Disagree,Strongly Disagree,Strongly Disagree,Strongly Disagree,Strongly Disagree,Strongly Disagree,General shell and container debugging techniques,No,,Strongly Disagree,Strongly Disagree,Strongly Disagree,Strongly Disagree
6/29/2020 14:02:46,France,Industry,Software Development,2,2,2,2,2,2,"... volumes (VOLUME instruction)., ... the working directory (WORKDIR instruction)., ... environment variables (ENV instruction).","... volumes., ... networks., ...configs.",Agree,Agree,Agree,Agree,Strongly Agree,Strongly Agree,Neutral,Strongly Agree,"Try, cry, try again, cry again, until somehow it works. Empty my disk from GOs of non-working containers from time to time.",No,,Strongly Agree,Strongly Agree,Neutral,Strongly Agree,Agree,Agree,Strongly Agree,Agree,Strongly Agree,Agree,Neutral,"Run, get connection error, travel the 7 seas to find which documentation about ""networking in docker"" is appliable to my case, until somehow it works, until somehow it works. Eventually check if the network is correctly secured (no open database) and accessible (through the browser for public services).",No,,Neutral,Strongly Agree,Neutral,Strongly Agree
6/29/2020 18:59:23,South Africa,Industry,"Software Development, Operations, Quality Assurance",4,4,4,4,4,4,"... arguments/variables (ARG instruction)., ... volumes (VOLUME instruction)., ... the user (USER instruction)., ... the working directory (WORKDIR instruction)., ... environment variables (ENV instruction).","... volumes., ... networks., ...configs., ...secrets.",Disagree,Disagree,Disagree,Disagree,Disagree,Disagree,Disagree,Disagree,"Docker logs, execute interactive mode, .dockerignore",No,,Disagree,Disagree,Disagree,Disagree,Disagree,Disagree,Disagree,Disagree,Disagree,Disagree,Disagree,"Docker logs, execute interactive mode, .dockerignore",No,,Disagree,Disagree,Disagree,Disagree
6/30/2020 8:38:51,Spain,Industry,Software Development,5,5,5,5,5,5,"... arguments/variables (ARG instruction)., ... volumes (VOLUME instruction)., ... the user (USER instruction)., ... the working directory (WORKDIR instruction)., ... environment variables (ENV instruction).","... volumes., ... networks., ...configs.",Agree,Strongly Disagree,Disagree,Agree,Strongly Agree,Neutral,Agree,Strongly Agree,"Find the root cause of it looking at logs, then test if I have an idea of how to fix it or try to find answers when I have no idea about the problem.",No,,Agree,Neutral,Disagree,Agree,Disagree,Disagree,Neutral,Neutral,Agree,Neutral,Disagree,"Find the root cause of it looking at logs, then test if I have an idea of how to fix it or try to find answers when I have no idea about the problem.",No,,Neutral,Strongly Disagree,Disagree,Disagree
7/2/2020 15:01:41,Mexico,Industry,Software Development,3,3,1,0,2,3,"... arguments/variables (ARG instruction)., ... the working directory (WORKDIR instruction)., ... environment variables (ENV instruction).","... networks., ...configs.",Strongly Disagree,Neutral,Agree,Agree,Disagree,Agree,Agree,Strongly Disagree,the standard docker output and stackoverflow,Yes,VSCode and docker extension,Disagree,Disagree,Agree,Agree,Neutral,Agree,Strongly Disagree,Strongly Disagree,Strongly Disagree,Neutral,Neutral,standard output,Yes,VSCode,Strongly Disagree,Strongly Disagree,Neutral,Neutral
